{"Contrast min": 0.7, "Hue range": 0.08, "Hue On": false, "AvgBlur max": 5, "shear": 0.005, "Icon theme": "Icon theme 1", "Path of last model": "/Users/maiksurlaub/Desktop/AID_Files/Testmodels", "Brightness add. lower": -15, "GaussBlur min": 0, "Gaussnoise Scale": 3.0, "GaussBlur max": 5, "Saturation max": 1.3, "Nr. epochs": 2500, "norm_methods": ["None", "Div. by 255", "StdScaling using mean and std of each image individually", "StdScaling using mean and std of all training data"], "Gaussnoise Mean": 0, "Keras refresh after nr. epochs": 2, "Input image size": 32, "Saturation min": 0.7, "Contrast max": 1.3, "MotionBlur Angle": "-10,10", "MotionBlur On": false, "GaussBlur On": false, "Contrast On": true, "AvgBlur On": true, "Saturation On": false, "Layout": "Normal", "Brightness mult. lower": 0.7, "Brightness refresh after nr. epochs": 1, "rotation": 3, "Vert. flip": true, "zoom": 0.001, "Brightness mult. upper": 1.3, "MotionBlur Kernel": "0,5", "Brightness add. upper": 15, "AvgBlur min": 0, "Normalization": "Div. by 255", "height_shift": 0.001, "Horz. flip": false, "width_shift": 0.001}