{"Contrast On": true, "Gaussnoise Mean": 0, "Hue On": false, "shear": 0.005, "width_shift": 0.001, "height_shift": 0.001, "Vert. flip": true, "Saturation max": 1.3, "Brightness mult. lower": 0.7, "Gaussnoise Scale": 3.0, "Input image size": 32, "MotionBlur Angle": "-10,10", "MotionBlur Kernel": "0,5", "AvgBlur max": 5, "Contrast max": 1.3, "Hue range": 0.08, "GaussBlur On": false, "Saturation min": 0.7, "rotation": 3, "Layout": "Normal", "Normalization": "Div. by 255", "Horz. flip": false, "Nr. epochs": 2500, "Brightness mult. upper": 1.3, "Brightness refresh after nr. epochs": 1, "Keras refresh after nr. epochs": 2, "Contrast min": 0.7, "Brightness add. upper": 15, "norm_methods": ["None", "Div. by 255", "StdScaling using mean and std of each image individually", "StdScaling using mean and std of all training data"], "Brightness add. lower": -15, "MotionBlur On": false, "zoom": 0.001, "Path of last model": "/Users/maiksurlaub/Desktop/AID_Files/Testmodels", "GaussBlur min": 0, "AvgBlur On": true, "Saturation On": false, "GaussBlur max": 5, "Icon theme": "Icon theme 1", "AvgBlur min": 0}